Url,Tên,Mô t?,Trích d?n,Hãng,Lo?i s?n ph?m,Tag,Hi?n th?,Thu?c tính 1,Giá tr? thu?c tính 1,Thu?c tính 2,Giá tr? thu?c tính 2,Thu?c tính 3,Giá tr? thu?c tính 3,Mã phiên b?n s?n ph?m,Kh?i_l??ng,Qu?n lý t?n kho,S? l??ng t?n kho,??t hàng khi h?t hàng,Giá,Giá so sánh,Có giao hàng không?,Variant Taxable,Barcode,Link hình,Mô t? hình,SEO Title,SEO Description,Danh_m?c,Danh_m?c_EN,?nh bi?n th?,Không áp d?ng khuy?n mãi
babythree--th-gii-diu-k,BabyThree & Th? Gi?i Di?u K?,"Thông tin chi ti?t
Mã hàng	
8936214274338

Tên Nhà Cung C?p	
Megabook

Tác gi?	
Little Rainbow

NXB	
Thanh Niên

N?m XB	
2025

Ngôn Ng?	
Ti?ng Vi?t

Tr?ng l??ng (gr)	
300

Kích Th??c Bao Bì	
26.5 x 19 x 1 cm

S? trang	
68

Hình th?c	
Bìa M?m
S?n ph?m bán ch?y nh?t	Top 100 s?n ph?m Sách Tô Màu Dành Cho Ng??i L?n bán ch?y c?a tháng
Giá s?n ph?m trên Fahasa.com ?ã bao g?m thu? theo lu?t hi?n hành. Bên c?nh ?ó, tu? vào lo?i s?n ph?m, hình th?c và ??a ch? giao hàng mà có th? phát sinh thêm chi phí khác nh? Ph? phí ?óng gói, phí v?n chuy?n, ph? phí hàng c?ng k?nh,...
Chính sách khuy?n mãi trên Fahasa.com không áp d?ng cho H? th?ng Nhà sách Fahasa trên toàn qu?c BabyThree & Th? gi?i di?u k? là cu?n sách tô màu ??c ?áo dành cho m?i l?a tu?i, l?y c?m h?ng t? nhân v?t bé Baby Three ?áng yêu. V?i 30 b?c tranh s?ng ??ng, m?i trang sách là m?t ch? ??, m?t ho?t ??ng c?a Baby Three, ?i kèm nh?ng câu nói truy?n c?m h?ng tích c?c, giúp b?n nuôi d??ng tâm h?n và h?c cách yêu th??ng cu?c s?ng. Cu?n sách không ch? mang l?i ni?m vui th? giãn qua vi?c tô màu mà còn giúp b?n rèn luy?n kh? n?ng ph?i màu, kh?i d?y s? sáng t?o và nuôi d??ng tâm h?n. Hãy ?? t?ng s?c màu trong cu?n sách tô ?i?m cho nh?ng phút giây th? thái và ??y c?m xúc c?a b?n!

?u ?i?m c?a cu?n sách tô màu ""Baby Three & Th? gi?i di?u k?""

- V?i 30 ch? ?? tô màu phong phú ?a d?ng, m?i b?c tranh là m?t ho?t ??ng ??y vui nh?n c?a bé Baby Three.

- Th? giãn và ch?a lành: V?i nh?ng hình ?nh ??p m?t và ??n gi?n, tô màu s? là m?t ph??ng pháp hi?u qu? giúp b?n ch?a lành và nuôi d??ng tâm h?n

- Khám phá s? sáng t?o: B?n ??ng ng?i v? thêm, tô thêm màu s?c ?? th? hi?n b?c tranh c?m xúc c?a riêng mình

- Ch?t li?u gi?y dày, m?n, ??p s? ?em ??n cho b?n tr?i nghi?m tô màu thú v?

Xem thêm",,,,BabyThree & Th? Gi?i Di?u K?,Yes,,,,,,,,100,Haravan,10,continue,54.400 ?,68.000 ?,Yes,,,https://cdn0.fahasa.com/media/catalog/product/8/9/8936214274338.jpg,,BabyThree & Th? Gi?i Di?u K?,BabyThree & Th? Gi?i Di?u K?,,,https://cdn0.fahasa.com/media/catalog/product/8/9/8936214274338-5.jpg,no
babythree-s-dn-sticker-babythree-l494-mu-sn-phm-giao-ngu-nhin,BabyThree S? Dán Sticker BabyThree L494 (M?u S?n Ph?m Giao Ng?u Nhiên),"Thông tin chi ti?t
Mã hàng	
8935306044651

Tên Nhà Cung C?p	
Cty Phú Vinh Phát

Th??ng Hi?u	
Phú Vinh Phát

Xu?t X? Th??ng Hi?u	
Vi?t Nam

N?i Gia Công & S?n Xu?t	
Trung Qu?c

Màu s?c	
Nhi?u màu

Ch?t li?u	
Nh?a, Gi?y

Tr?ng l??ng (gr)	
20

Kích Th??c Bao Bì	
9 x 7.5 x 0.4 cm
S?n ph?m bán ch?y nh?t	Top 100 s?n ph?m S? Các Lo?i bán ch?y c?a tháng
Giá s?n ph?m trên Fahasa.com ?ã bao g?m thu? theo lu?t hi?n hành. Bên c?nh ?ó, tu? vào lo?i s?n ph?m, hình th?c và ??a ch? giao hàng mà có th? phát sinh thêm chi phí khác nh? Ph? phí ?óng gói, phí v?n chuy?n, ph? phí hàng c?ng k?nh,...
Chính sách khuy?n mãi trên Fahasa.com không áp d?ng cho H? th?ng Nhà sách Fahasa trên toàn qu?c BabyThree S? Dán Sticker BabyThree L494 (M?u S?n Ph?m Giao Ng?u Nhiên)

- S? sticker có thi?t k? h?t s?c ??c ?áo và d? th??ng s? là món quà vô cùng ý ngh?a ?? t?ng cho chính b?n thân ho?c b?n bè ng??i thân.

- ??i v?i các b?n tr? thì hình dán nh? v?t trang trí decor không th? thi?u.

- Ch?n Sticker cute phù h?p v?i nhu c?u và m?c ?ích s? d?ng: ?i?u quan tr?ng tr??c h?t, ?ó là b?n c?n xác ??nh b?n s? d?ng ?? làm gì. N?u nh? b?n dùng ?? decor s? l?u bút ho?c nh?t ký thì nên ch?n hình ?nh t??i sáng, d? th??ng ho?c con v?t ?áng yêu, hình cây c?i, hoa lá,... Ho?c checklist công vi?c thì nên ch?n hình nh? ký hi?u, bi?u t??ng,.. V?a t?i ?u th?i gian, v?a t?ng kh? n?ng sáng t?o cho b?n khi s? d?ng.",,,,BabyThree S? Dán Sticker BabyThree L494 (M?u S?n Ph?m Giao Ng?u Nhiên),Yes,,,,,,,,100,Haravan,10,continue,7.200 ?,9.000 ?,Yes,,,https://cdn0.fahasa.com/media/catalog/product/8/9/8935306044651.jpg,,BabyThree S? Dán Sticker BabyThree L494 (M?u S?n Ph?m Giao Ng?u Nhiên),BabyThree S? Dán Sticker BabyThree L494 (M?u S?n Ph?m Giao Ng?u Nhiên),,,https://cdn0.fahasa.com/media/catalog/product/8/9/8935306044651-_3_.jpg,no
